mdd_icc_means,hv_icc_means,mdd_v2_icc_means
0.35108101534643055,0.2406040778799078,0.3009461592362684
0.29593666283674974,0.2716117636374513,0.37393740746478543
0.33980264345751393,0.2190287503234255,0.3260249389766151
0.331202894028933,0.24270058648651685,0.2773574231906616
0.3830340977543753,0.2919764419402735,0.2857116198342452
0.3807427247003008,0.25029423526711325,0.267585215127579
0.3320658476847875,0.263695555249918,0.27143449923642865
0.32432342294444677,0.21372167818647891,0.2781342651606813
0.42513152747752997,0.21109683371138682,0.2560542732331222
0.27241772208318865,0.2728616900783017,0.27115719507956537
0.31581547144811983,0.1994490034180962,0.25651467601773703
0.24562887470505274,0.22837063994882711,0.35524973021178313
0.39342916206058826,0.2737341773008292,0.306422157951798
0.3612531536132803,0.33916313937899084,0.2605276172585321
0.417618131816559,0.2362936351784056,0.2995468768805397
0.31769332795321154,0.18863458987036277,0.28620745100116524
0.35959953643204695,0.22602703181924758,0.34734871305879805
0.3789807248634282,0.2182067540685092,0.2744920856725813
0.2723617306153929,0.2825657280502849,0.2879715593191573
0.30606612960493795,0.27067861834018664,0.2899887160353716
0.36551562749402877,0.28361035521738803,0.2785957968639502
0.3235764966667738,0.1619463657580608,0.31360585584812034
0.30606795586370883,0.24323814821178513,0.32261148208245577
0.3378070512824425,0.3080920375346863,0.3226549401185396
0.3877802551078278,0.1882886480683141,0.30903279531326433
0.3768287715451087,0.24946973208553117,0.3849764957923782
0.3285951364602207,0.2615525979098261,0.27762058668544265
0.29516993217015247,0.2491032876977899,0.2943338625933447
0.3767838023337096,0.20626462841975512,0.27511077543290724
0.3692229153673138,0.2616587672271164,0.30188071057753735
0.4131968849654842,0.1677324545742803,0.29062952872858966
0.4509405999174946,0.18167334836914387,0.38581101461003475
0.361257885100218,0.27151122865916283,0.34111603806474333
0.337801614241192,0.22737564471840013,0.3561187062066425
0.36322886872768534,0.26761694879404424,0.3423315849641894
0.2955600954520347,0.30469915821748433,0.31115600259798304
0.4347126762675736,0.3050231871322267,0.34851151264260893
0.3653012315518349,0.17217077492106403,0.25666772827981127
0.40693637929729254,0.2870665300291053,0.2975375765825282
0.4154150909306071,0.3055046007753885,0.27060646050866477
0.3078026448574375,0.3137503895338484,0.30984067806846155
0.36033476360290534,0.2245700261512988,0.2274154932753363
0.30091775258138426,0.22410055674279158,0.27027399661466966
0.30125410941499065,0.2402613295632931,0.289841714949909
0.31381984806351315,0.2639752243401379,0.3167082995847144
0.2650737681535706,0.2559973954792245,0.29105864882551274
0.3274466121577228,0.22824511023561994,0.3089745756006879
0.32780491263422146,0.2211209033952396,0.3072742706180796
0.31390293945371556,0.32130578765557427,0.2844724514693009
0.3921485046095758,0.2525299176577878,0.25108569772030725
0.3907223317039538,0.25167959763995507,0.29223965272473157
0.34395470004773876,0.21923647641527882,0.31804647400516395
0.31403851833522267,0.20920121228482924,0.2778880165417459
0.35789971563020534,0.245546346499085,0.33282309605311217
0.3384433288619138,0.2805632180760748,0.31154983270621284
0.35826126136782505,0.24240390862864578,0.27050892719759656
0.3078556102621674,0.2737474288898306,0.2535791433497313
0.31621236609996034,0.3040271413954768,0.3193388991470945
0.3079395375211885,0.28367217395381156,0.26917647564604874
0.3607230114452782,0.2129075478322397,0.3187204323988422
0.23683225085369727,0.2116429460540469,0.291338241176232
0.26091348253257696,0.2726368408788184,0.25781319204276143
0.31745958220809845,0.23573844352867088,0.29699374718786464
0.32444899721711595,0.17513895986009284,0.297362679889073
0.33636142232122146,0.18540703939855732,0.2612871604186795
0.39094590125310286,0.21343690195995138,0.30712632292595377
0.30777822039340813,0.2428911828749687,0.26504546264208617
0.3681137471200706,0.2724709319717682,0.24690696949086138
0.35548667222191627,0.30467162865781494,0.2989413065244303
0.3496847529473873,0.2970441252198543,0.2814217560917817
0.24363663815068684,0.28557425311142065,0.24606277881781632
0.37546224720855237,0.2269656237649286,0.2502199526587529
0.32810117709439984,0.26415699776457635,0.35945274900515806
0.3908291847636431,0.20735212699972733,0.3106022990459004
0.332440485874564,0.2880253969035672,0.3123070539729655
0.4624363133372085,0.19225777266586672,0.27447899246798046
0.3015795913991129,0.2546243044241968,0.37322150803107473
0.35915014629039277,0.2699362059829658,0.37454600940265254
0.3852680267639328,0.24065433011766613,0.3001769772420681
0.3285306820701001,0.20607269912273038,0.3134740068087754
0.4074848816139781,0.28076383290077117,0.40598087323245863
0.37604820960297425,0.2211695440762595,0.3242784682379276
0.3365343579341283,0.29676471882961913,0.3523973722520871
0.3369410433199046,0.2988301887225543,0.2656987608507083
0.40616004279000434,0.21495699528159323,0.30094611672734545
0.33480631871653693,0.24921962168434772,0.3288468699194308
0.2603429949899674,0.16085285360403717,0.28238050001586873
0.4324372636334357,0.2379633948537142,0.2767560473128171
0.41075858925761644,0.1847820744833472,0.31191064067126006
0.3105764102199149,0.22970963275741366,0.3316629517101086
0.39612380721876544,0.22067319914572872,0.32099174174175105
0.33176927379474114,0.2835185895309808,0.2548750770095933
0.30422652472065737,0.1956869642608794,0.2853076054798388
0.271076129676972,0.27836613977075336,0.3703054399404247
0.3833083660081724,0.276762108166731,0.29322990695583345
0.4156509871161427,0.2550425506921633,0.2636331850735027
0.3355717828407654,0.20153807815186495,0.2641532610635486
0.35502005358445626,0.15096538057509218,0.3608435017241126
0.29483024996400914,0.29345346949887685,0.2954366975152601
0.29427242359739236,0.1974544296162967,0.34179605256233625
0.29186991096619436,0.34340845038155965,0.29595407546501895
0.3420305771386743,0.31148185483365126,0.2956340661341141
0.2991900474784778,0.24350849796625024,0.33284543729657
0.42837656522772416,0.3080263737765962,0.2942281882251124
0.2898990701220926,0.13661147327837983,0.28833693623698753
0.4179739228769178,0.17647312347687633,0.27173226836303727
0.3410292347574011,0.20276751121456552,0.384149422878489
0.37235263668861596,0.21701047133747825,0.28075189560236324
0.3594458415038533,0.2096202639110316,0.28447986907779305
0.38116806395276415,0.24260535297598848,0.31819144784928827
0.28650794392103346,0.27371317912290977,0.3273151952238456
0.3882078346774613,0.22729627318296766,0.2795318607094308
0.37224088498841296,0.2768986689525122,0.33922951375928223
0.26800239640216944,0.3016751542701321,0.30506696656872967
0.33165731423562284,0.20151134594586068,0.3368697106590922
0.363934120873637,0.28169225398317493,0.3093038521642609
0.2762099824047757,0.1867411918280688,0.33025921565498007
0.3167279997209194,0.2538547041773736,0.27827909052286615
0.35303879268213606,0.20054593726936273,0.32240343498588026
0.2897181964212596,0.27276893400700514,0.2916552548934958
0.4021447548419965,0.29020078286343826,0.27398691357079136
0.29285119029612366,0.2548166089565285,0.2692397142159635
0.31223785517761077,0.26537360911266067,0.3026773355125523
0.34192781381159487,0.27371424761703844,0.2679854150294052
0.34880153123675045,0.26127123849535944,0.29227348761448246
0.30850899181158786,0.2633851009477416,0.28028432448786217
0.3223429736274202,0.2609080296223918,0.32520199454151605
0.4229483250785165,0.20131661786862387,0.326331962890171
0.4359591245702508,0.2498264184940533,0.36561923300495086
0.35068564468449515,0.2679496380450073,0.30829247530036313
0.39490796427943264,0.23737510581340518,0.34450605474315427
0.3181497990839547,0.30231282434970214,0.3381056362564648
0.42922556803947376,0.21182911671794244,0.314513483861132
0.3390719883299052,0.2129697024165486,0.24541036179234052
0.4116965771208904,0.1735426608035749,0.2910910454177757
0.323744409790592,0.25094724114034833,0.3135558193794213
0.3200778720609118,0.22894495863789452,0.29155742491749376
0.3378914106747899,0.2891741027650851,0.2900712292995556
0.4432791196811809,0.24115168357002495,0.33724185360305875
0.3379302415631533,0.22658804791083334,0.2985173071942598
0.3327695552010442,0.26058950867183256,0.34460879270527633
0.3850402192649498,0.1595525831838561,0.2300920688209386
0.3159099726839091,0.23246813899045998,0.2557007720494914
0.34380585637128036,0.25110588444535553,0.352320365075349
0.29217929747468446,0.2756420452359169,0.26764393352630184
0.21795427433467984,0.2522586970646729,0.2964895559152577
0.3871248385614265,0.2768800717105466,0.3549858799567259
0.302106686439684,0.23382705631890988,0.33805619804817855
0.35972367580418496,0.2590085218306844,0.31554049392087374
0.3017937774483528,0.25501594342269324,0.29984135332590306
0.35623333141553476,0.20158171302148573,0.3588340127001738
0.35701959474131406,0.23113103756493766,0.3179197057075964
0.315004894156584,0.21118130597542087,0.2841289332703108
0.24356686422665863,0.2777386263991618,0.3147867904101118
0.3145958785381543,0.2260322514002287,0.24816555090908032
0.31008863236461504,0.19269245061701007,0.3329066733605756
0.39042335860112776,0.2388763272659536,0.2380160253309139
0.35255583433341314,0.21979865679880695,0.31790648779554337
0.35638048400136585,0.22739506729002057,0.27717062108433815
0.3686794422160651,0.19601186665921155,0.3242409383984489
0.23224193511816615,0.3297302701459392,0.3369543134359243
0.33702455897622385,0.18817975497121503,0.31239002730066306
0.3684447091787313,0.25669298288189885,0.3033092283410453
0.38551364550190065,0.204508706352124,0.30797751579064353
0.33277700330391086,0.27501932613392155,0.3460056104515598
0.3945029313744343,0.21465468884185215,0.2995009083646502
0.31406669033713197,0.2187823750684656,0.32500944310119967
0.2707727979257324,0.1971040910293187,0.28828049540413836
0.263309259347269,0.2703831695746837,0.367765116483975
0.387626218678213,0.27645416338810036,0.30010430127598864
0.3244555424637043,0.2695738317920739,0.34156683995939513
0.3047065768287346,0.22290999376510778,0.2637357871144584
0.2839402889964707,0.2457256987044346,0.2597183882836201
0.3384633853154881,0.2584436994104081,0.27042336174458614
0.342435528214504,0.18865988162878655,0.27037912070752385
0.28797304994735456,0.20652526833851714,0.24096956528480237
0.31554836886854265,0.29786506064192253,0.2878278885146596
0.2819467546295565,0.22116509930574263,0.38991848459044687
0.3199483022019078,0.2281677942725687,0.3334801943979457
0.30249039049522514,0.2003330197694425,0.2802685392944975
0.3034692851947893,0.27064271306256116,0.323596377657579
0.363851142328072,0.21923298379224526,0.3180515468219736
0.3410055800541781,0.26680827972920956,0.2858748582947179
0.3349814959123235,0.20533196002074378,0.22275087999084603
0.3715821594155064,0.31628085672492734,0.2278002248766502
0.3785575285091744,0.1463911167227897,0.3500111760785001
0.34034327735221287,0.22558871677768685,0.26777815638665653
0.4213229890486105,0.2673223398447662,0.3424095874426141
0.310114432113835,0.3201174229736432,0.2484595319994104
0.3545515407123547,0.21154095545942728,0.3056173015530525
0.36679400035412163,0.3164887380749068,0.25685980373092243
0.42368606357582,0.2424827692556902,0.36879620779916855
0.269394663322462,0.24450760321632803,0.2648204901969424
0.3060894640594349,0.23778884960635024,0.2576508680290067
0.3564507391525118,0.23180426568895213,0.19934089992387305
0.32734271296156875,0.2369394771949037,0.2947850885127541
0.3367588708519595,0.1760739618643586,0.34351412265283376
0.34415332329759113,0.2550453306697357,0.28931885535347773
0.35183121273507734,0.24701059387967628,0.2768901903328397
0.32330231103995855,0.2222503135370246,0.34307573318644846
0.377987354675857,0.23912131219937524,0.2700718440508512
0.29819593044066756,0.24730696195463936,0.3006382702021366
0.3953522732520596,0.19852750964598287,0.31258858885299895
0.31731511541883606,0.30216085896836864,0.2725835095946543
0.3569377919243626,0.2596716116747458,0.24726101502767064
0.2813189105235142,0.21537240827211684,0.2720195669634615
0.32926376078769937,0.23028878845585543,0.33163785647058913
0.3146622911635566,0.25279157074581243,0.3228715203929476
0.3718086792344906,0.24182640426445323,0.36241875122273626
0.3988940210236259,0.2871321897071448,0.3605123192496344
0.3622576365372592,0.21279378700854332,0.29061289427391335
0.4481437081474489,0.21456447950805863,0.26372005220109895
0.420345545926749,0.17520332466690258,0.274393452614195
0.3114570100677303,0.21739741656858538,0.21052516002225163
0.31621359520666,0.1855135257486921,0.28272252672924725
0.3352794996491094,0.2480462610935586,0.2893683152509109
0.32544409464053,0.21925133445249095,0.325048126958755
0.3323564392535137,0.3672241000447059,0.3219307424981423
0.3032372016624357,0.2175715733867405,0.22108876417428405
0.3628493354465635,0.2519037158264729,0.29755851366452507
0.3640421688624201,0.2598097562150854,0.2875327644295669
0.3755249467318949,0.3062287478442844,0.2894476238397235
0.30251494490268455,0.26653881379043065,0.277268214427993
0.289600335815242,0.23492639458246856,0.26448103597091555
0.3672740042891482,0.2715551386041766,0.32399713135768665
0.26268489081167967,0.22107873288088176,0.35117093207105565
0.342887360803073,0.17651288965503759,0.3463312726211884
0.36568328165285147,0.21492689701010104,0.3655870367515886
0.3846791610793615,0.1927290713915423,0.3033478898417329
0.3176742352895433,0.22541155144917926,0.3269248499370801
0.3675836402270622,0.2646744010965309,0.336499104463224
0.3432517288652626,0.2524893100310066,0.31982289641433287
0.39713427684533137,0.26309079596194573,0.28150576959418155
0.25518956425732015,0.27399855965486125,0.29453998820857763
0.3903127262868904,0.19808851316365036,0.28334807379896376
0.37851076037160997,0.28075578473092033,0.2640658635127035
0.33191978722137866,0.17209349540230337,0.3170397337476844
0.36477996618793096,0.27469471006357865,0.27355866529805994
0.325722987641168,0.29734430820466284,0.28637931995880783
0.37756845899789776,0.300568371007912,0.3015081405064129
0.4157664374120535,0.24563032616125458,0.33089549464420887
0.4237946199612306,0.2001336191520767,0.2197399874084857
0.4285022074196048,0.22780215731316947,0.3646916385838858
0.26086019323983584,0.2580998928093703,0.3205524200748
0.34102467654427904,0.21150996664057622,0.31583350559798634
0.3593176502434167,0.26104458678231446,0.25224040301983286
0.3652041526627468,0.2061765745391672,0.3228723633646938
0.380363070913643,0.2399191841891077,0.2997512855592524
0.36519885022990006,0.25606607193237346,0.3325956861820879
0.38986185688927444,0.26466543519227476,0.29113649290580823
0.3348404775867758,0.27561656309164817,0.2911200190372535
0.3860804271721701,0.20808564607321783,0.24348807700668526
0.4238717711636123,0.2104856965698376,0.3278874088279068
0.37380388914170104,0.19614322155196903,0.3504114113381452
0.45256734058591414,0.20137573284150842,0.24611363162319014
0.2782273290091392,0.32339632297287885,0.2825182228574757
0.4017453946245791,0.21517059803605168,0.2745814997117085
0.332365537099797,0.23153069876926785,0.32028811054019646
0.33401664729309527,0.2756869049898374,0.23291689125743822
0.2727840618113711,0.2568044048259952,0.3404110540266166
0.28463869890254995,0.24500550016823286,0.2890110972718226
0.26084454232843624,0.2968222797829589,0.26514036114223893
0.30227524666732425,0.22827597199342725,0.3931777057727899
0.3075431607266731,0.3093693763523963,0.25000930530945875
0.31886201976814693,0.1938458607746948,0.29445154577799576
0.31496013617720486,0.21786817642775363,0.34040171802850516
0.3464937425575501,0.2784873127912334,0.30097751348655977
0.37567716162043285,0.15041381256464606,0.274167436461636
0.41507637562636573,0.2234118033084241,0.30877688231780026
0.30790943572345464,0.21428750224182008,0.28808170434546687
0.36628337426114066,0.3391212404750051,0.28345941003753894
0.32068700648753673,0.3352450588529703,0.31400860263590047
0.3774536561152393,0.2755048210532989,0.2892567595761432
0.3724099155188777,0.22501525257491053,0.2950117120644791
0.3258501298000065,0.2273990983033653,0.2499125454060385
0.42737690833709907,0.16077888816484529,0.25079003982884857
0.25920779629354584,0.21661524761075232,0.3227339046888995
0.30758177852175567,0.2138952286035225,0.3027505141899638
0.38643629644375954,0.22505907293914712,0.33313601091723516
0.3507221444113439,0.2614420479918044,0.2740500060272023
0.31646645432940057,0.2407829256730869,0.2979150408813792
0.3454846972062639,0.2719050171804427,0.31695388515000805
0.39140121937947,0.24571014605246463,0.3117714170386767
0.301012280964061,0.33973775389565414,0.22512265219008057
0.29735206280579496,0.257385581155131,0.3409109607695301
0.32252657719513583,0.2533264272960849,0.3438078984889297
0.41984018877683543,0.2044273223356601,0.31227265951273786
0.3765301753546166,0.24323969777079185,0.325762118675816
0.343984537914777,0.23411299208682093,0.2666891765212413
0.3006935965377214,0.21159939292704405,0.30696733774092366
0.304156117761743,0.2813081195115889,0.3509950208982246
0.3092761562240441,0.2575212118923584,0.31566703222267894
0.3050333951480226,0.19168750164600354,0.31494728661766
0.31883969245032173,0.3242017764245895,0.348112404594876
0.3636224909872009,0.2482967709460036,0.29622843955794526
0.3037114948771795,0.20432063399282616,0.26107027366578045
0.3342444968385917,0.29150091414290374,0.3657103075529548
0.3457194574511177,0.22797098541584107,0.2708319320790176
0.2755952535190469,0.24651979788580908,0.32727629176350465
0.30381484366990996,0.16653618932519762,0.3211635657761752
0.28632000185747003,0.2658866892683354,0.2768959931837423
0.3115011111481749,0.26272933219378336,0.2873820972972227
0.3021662582312359,0.2514769310106767,0.2998459086999183
0.360343140419125,0.23926434669439609,0.33375421205969386
0.2699630182636757,0.2291082003573909,0.2830171283812482
0.3175713510662465,0.260391502429343,0.29981822653002904
0.3568589538831473,0.2756870331722763,0.2749445702614116
0.2787770396154813,0.19451816395101498,0.2946448098988173
0.30316270585309996,0.2491046890911319,0.31626206078355823
0.3034740185130836,0.2480978470699214,0.2488529769025472
0.35350314481442496,0.3131142808928406,0.29775472435977673
0.35908244496868985,0.3168201430683999,0.3487112531451389
0.37443615360803734,0.2046641821012825,0.27656840405767846
0.31723907115210637,0.34832006920769354,0.3163932236451498
0.45072042125107203,0.18299506073179983,0.29598045246361365
0.3597676549544753,0.22222679617483374,0.25915598149415564
0.3323232614093873,0.2414446079346173,0.27640275726839986
0.36892002057323475,0.17535324630640967,0.30598367314577973
0.3430390994343576,0.26940523179721726,0.29824336535402907
0.4179975645090701,0.18605664094555663,0.3443890855613659
0.3356380441676431,0.19112800858688803,0.28486116782265614
0.32528543284934125,0.2972058755803814,0.24999536180801774
0.28049309002961276,0.19092638747542356,0.2844314945296205
0.36802755715276475,0.250187134042054,0.3444089508272375
0.4261637385767808,0.30240323783762735,0.31708661838639723
0.31409213975607486,0.25292844272737114,0.2745290843053632
0.36176414539229146,0.2119270206870863,0.31560560258750586
0.3713324522854965,0.1425744412934145,0.3439418257086586
0.31008757807949594,0.2300724794082305,0.31815133882710916
0.3079827954672791,0.29018750376285324,0.3119424898671653
0.42442973992958216,0.23948154557228657,0.2915609800950586
0.30388507401515014,0.1254837743045462,0.32772117261120287
0.2842072506015492,0.1545598486436876,0.3152641386682703
0.41450570683128174,0.19684431514053755,0.27739718499562915
0.3286387608556532,0.22994169274901824,0.236214353540414
0.38276294211264145,0.2762384611645476,0.2588198471139611
0.31956426253953074,0.3006027055766699,0.2786031794638466
0.33684004902214004,0.2140146401779032,0.22088047839575006
0.29617537219185053,0.21970047302347406,0.30130578838179783
0.39620080722057843,0.2852127730206551,0.20674387379813797
0.35997706638313115,0.26093353201783676,0.2973236489111966
0.3346765282719192,0.20341122119524616,0.29249229685567585
0.39886131929385593,0.1869696835227307,0.30808584026093355
0.28580515977318866,0.23781380360028878,0.3796380142498023
0.3905595572701194,0.2453851575312427,0.3597460298719165
0.43966453641130526,0.17877850472935075,0.2405433149250474
0.332370116719241,0.26096284538696274,0.2605080677389233
0.2792659076452234,0.2628747934810743,0.34205685122306617
0.4041481597349497,0.2690659198239408,0.38540957648192553
0.23688301794267183,0.20003846027454136,0.34713559868358757
0.3373797089793341,0.24182259064030578,0.32556834430087883
0.24188089153948134,0.30809915405683574,0.2849040717340131
0.35876002779483407,0.26548936913735577,0.3130793825649247
0.32729214995676065,0.19556519817140722,0.31656536056092405
0.3202544005942857,0.1733689479667635,0.3122051578459281
0.3403681581642993,0.2676888105987502,0.30535903487367866
0.3458331200324878,0.2833080993165738,0.31015376224467756
0.3776193976911483,0.21479452274926727,0.283507647727914
0.25314231981713514,0.204342427270383,0.25868931005922863
0.31855430495915427,0.21434401772542452,0.32532399127247563
0.3424067253329601,0.2207778544277519,0.2664691495120165
0.33923066167486765,0.2143877121365959,0.2993049003970601
0.3767978213272538,0.18383673826165545,0.27553853184624993
0.37299980241840247,0.19317903953707768,0.2973708735356638
0.3729830400957042,0.23807298443843666,0.27911976062995447
0.35228002958523924,0.2219948876226692,0.31569074463144847
0.3889052933435068,0.2691836584571708,0.2872272494933261
0.4000056198925348,0.1923587120137902,0.2793689197171124
0.38629787016292405,0.29293710610912643,0.3160029181614211
0.27795595293284403,0.21054479775072094,0.27794850184887016
0.3899815205058501,0.26764656149733373,0.25402673980793383
0.32027965844158346,0.1589015393449316,0.31001964172246427
0.35627343240208503,0.23363383570830226,0.3141697831733034
0.2992249087227494,0.2564469131301258,0.3247156180753827
0.3069423721135556,0.2053091961301109,0.24910738181972802
0.3186729309654909,0.3027649441752698,0.273923603798106
0.32836695484288836,0.19519632001547665,0.2947674627878199
0.37477793515102803,0.21212088324546347,0.28313269611075437
0.385057207260097,0.20689395997663615,0.30867421376901355
0.3058133169375021,0.28362847226746973,0.27988224231121855
0.28529817913221417,0.24841938769421804,0.3016192220235003
0.3062823812130888,0.23308792870262024,0.3133536763584485
0.28397723172432293,0.22210842633214897,0.2862644794175628
0.2924272130355106,0.27277930042249676,0.2795720156038605
0.32187567680099216,0.21632024377014247,0.27505242236998045
0.3343853942198112,0.18710639152468192,0.31569825807508767
0.31211731708043705,0.21223403345797912,0.2477797316475644
0.3433518711945408,0.23867634384217462,0.2904324782180878
0.3977313377694752,0.2346717695007556,0.31710853837803527
0.3582103239524145,0.19315229207117526,0.2664474460047123
0.3160668325363134,0.20889084600687188,0.2560537609008425
0.34353075461572247,0.23859039805553697,0.37253412424772053
0.33591267528526614,0.29946115762762976,0.2453096014967143
0.23225826504552988,0.29624851496833515,0.32975208109560084
0.39553139909646023,0.2667383407961794,0.3942754916167605
0.3329643518090576,0.2915132789114054,0.292185317653303
0.42791753088780193,0.2795034721993654,0.30065857515845557
0.4395799919341849,0.2820498309629045,0.2794436383868683
0.36322111356910575,0.2138371096872174,0.2773825082360306
0.3855538868444093,0.24595194978327067,0.2816893519446318
0.3914739932230979,0.2714911081759979,0.27813922641204686
0.33752761123557107,0.19401162882764278,0.33619818384449696
0.4050749019134444,0.20336440405557352,0.29000700970804955
0.3509031235971836,0.21115985511894236,0.2939596112246279
0.41336381711654946,0.31557758836787386,0.3258920917471001
0.2550319663413455,0.23231500928606202,0.29020418560635314
0.42620921510440674,0.24615825716418402,0.3171090866033163
0.401289728989495,0.2697351180285948,0.3060418479594132
0.2935993439571006,0.17668363138175117,0.22617570397448028
0.3258604732851834,0.2420689959677227,0.3613605637524575
0.3658151306604768,0.25932615988533225,0.33677449730445175
0.32699740253880233,0.2874244031766078,0.3050536199090984
0.25381508546377085,0.2627013644417444,0.3619339748485103
0.29032135605240794,0.2685364512484586,0.2541112542823253
0.36618302967833,0.30370087454370515,0.32135386958999834
0.35954078261875116,0.20236692221271613,0.352427482014413
0.33764220789278815,0.22745893651656388,0.25157699418184526
0.30622017748075453,0.25575880092944975,0.312120306301958
0.3779303024320529,0.20584065576316238,0.3212989825679367
0.2890349681303497,0.262699555760988,0.22778119715789844
0.3761913168744265,0.2790704441125842,0.25770667929587365
0.35213335843165955,0.18984196713585816,0.3245880642543786
0.3685227313433134,0.22781102336429954,0.33655882068158505
0.2902327366898521,0.2700268362986545,0.25964023604902176
0.3766179896825603,0.16901390631221683,0.33811977219213485
0.39864971420661083,0.2300118713097382,0.2690096285121577
0.4612717481017725,0.2031404842230592,0.36622093462547783
0.33407305423548617,0.2874846891490908,0.34002514776818255
0.36506616898583183,0.20898084174296822,0.26989112148692895
0.32582911248037666,0.22902820218071915,0.3473383734599798
0.36823903592562,0.32372286735502226,0.30985677686117563
0.3263286967261273,0.3184524393458101,0.2862705848971476
0.3041170487515879,0.18611328232347865,0.29089739828012223
0.44320781658823233,0.2514493617883041,0.29587123247656827
0.28523626329902263,0.23360063897371988,0.3343647565762833
0.38638432788735544,0.20893974494405768,0.29134876659536824
0.41902000744034196,0.21345731233768914,0.36477786658984
0.412486738432178,0.19189605070224122,0.3106311300009707
0.338880054045672,0.2469519471267691,0.30488385008683183
0.3041217476176673,0.23841999441294387,0.25668257988876747
0.38545661954296,0.3300252018262129,0.30454890909530885
0.37460981982439634,0.33301063922963514,0.2728925132099655
0.4448194971522343,0.2679346485292228,0.3360494814821904
0.39249190858779914,0.28575500973695694,0.25134309479173855
0.33848921714177993,0.24143994112167186,0.33770941676046723
0.3535345409830872,0.2949999838019848,0.3431009294758464
0.38839941317238963,0.2625024320520262,0.3026266117834896
0.2859634457509878,0.2521671909272672,0.2542883736144405
0.43315160899570215,0.2707700575226421,0.30427884202561045
0.37618810552130566,0.2285121941838515,0.3318143885653508
0.2787502884103007,0.24636725793447914,0.27512416344780055
0.37293493340740047,0.27558133631622633,0.3002550035950511
0.382339275032945,0.26360636569199586,0.3589277161321041
0.3848706545878185,0.23307440240126637,0.28302470948357067
0.36695964348771504,0.26260934207085446,0.32075680830702613
0.2341655930172076,0.23258262728178294,0.2587504232481602
0.27466058757986034,0.273174769610402,0.28085319249990687
0.33925287135697707,0.24067398620222216,0.2586118527003874
0.3795493838876816,0.17945909914518665,0.32122636772952845
0.2784346390577204,0.25810264165641844,0.3397352994307661
0.36988663811933387,0.1447100271929015,0.2745184732489905
0.38629272858507085,0.1838979616137657,0.28729416240445266
0.32227874996781664,0.22759034049853263,0.23849817450942717
0.36603540437497406,0.298232926414947,0.2673634783783243
0.36456989537458495,0.35973335379616933,0.2768017401535755
0.28905861768978997,0.24099576073387594,0.24867636367677434
0.32531150701313427,0.21963974854046245,0.3762067047630606
0.2833679182526526,0.2526157187020307,0.29638995968598403
0.3220089738672652,0.34224330208170084,0.2693602694419694
0.349286446064471,0.19405506849208212,0.30078584643969025
0.36117895728036997,0.31134858892470546,0.34739703067672356
0.404946334139247,0.25846383708243437,0.3182789836440322
0.2930913296700616,0.21104733992437938,0.25752333403037386
0.3534614834221403,0.24527239786126034,0.3299798466747261
0.3701126925614886,0.2894830743339199,0.30425653992073565
0.35099165873661853,0.21845542687387284,0.33505521149568845
0.30416534477612855,0.27335367101807806,0.36991413120835814
0.28710110887788143,0.27217938892116106,0.34663835469055143
0.3846296869850975,0.21697018941389898,0.2978702420209203
0.3720119198405129,0.25569764125888866,0.25089627500133715
0.4004707220798752,0.21691963964130634,0.28646328991843445
0.3492972175571267,0.29934375815558933,0.32500111984858504
0.41440496967224333,0.30593585185072003,0.33494469813487615
0.3446823499152667,0.18080060474785098,0.26814624242097684
0.3472788550946766,0.23955594565823013,0.34045678960397985
0.34757897431432233,0.2670705989857171,0.3170429309609297
0.3712097897041409,0.15848813180651658,0.29242380536973006
0.3838806361832337,0.2565083433486337,0.2248888393985887
0.44187825359383853,0.23302478572382598,0.3144617759362656
0.33898724136262254,0.1749568849216709,0.24853867448131634
0.3480778832503931,0.17448019536089798,0.38073796880122623
0.35739342844075744,0.2144048336809083,0.24809567909279906
0.43138007213772106,0.25422440698489535,0.2766759430746712
0.328540404382585,0.1746339583579022,0.26894568311286415
0.24324834880843005,0.16508270213977078,0.2661611886050842
0.3929772558275725,0.2883918364330426,0.26165838834183625
0.33347115156015755,0.282511614839631,0.2799928517528248
0.3551793775932415,0.2597142230036837,0.3423256098364055
0.3014303272612399,0.19960267450029534,0.3168036349257359
0.3323099383946152,0.22811311778904794,0.3084838513261164
0.2908186328024633,0.3142285420895203,0.3495769164507855
0.4457736489804287,0.2385051693102651,0.30199998885329177
0.2801880903587658,0.24516998560334824,0.25147926600056003
0.24723264553685043,0.19796592429453433,0.2823967397854265
0.3540966601397833,0.2020283133465463,0.273135327046705
0.274538362382121,0.15975083289807987,0.25266073613981715
0.3931166476014655,0.2720905618199215,0.29271238853952763
0.3699347784344623,0.13942822657325987,0.37190554190916075
0.2804191701085083,0.22617599085489068,0.3033378046079551
0.38470614083670485,0.24373633639147896,0.33391485263983994
0.31356242056068806,0.14389368618698115,0.34383108931886175
0.2810014229979662,0.31091394280884693,0.2669216131518424
0.39030765522590305,0.22227841610439739,0.29087486817064023
0.4140421422045835,0.28646669354152265,0.28962264772522056
0.3735871262422221,0.28276061848007666,0.3373423719452613
0.3367371660316391,0.15667696151383703,0.33888433526248585
0.27935688724278185,0.21036348499577184,0.3297266105528819
0.3840860322677074,0.2986261528393041,0.2959503926243327
0.33466175236207985,0.2797995356793487,0.29783165971020925
0.3536792338536162,0.28167090713287407,0.3219501127579431
0.38514293631458746,0.30049511790287664,0.3401488658511625
0.3613028462804859,0.2497485044260412,0.29592795533066796
0.29132608815754873,0.1912138930523184,0.32940904238759583
0.30698393600526214,0.22503687833778827,0.3111749525969555
0.3816441963682329,0.22551181496729258,0.39302092933250743
0.3739144622286433,0.18708276187279352,0.254158660320175
0.3415817459064383,0.20717977846269206,0.26217204264154254
0.34539784295094306,0.23336773734679775,0.35704298006880186
0.35690892224413817,0.2340069398544156,0.22879770556616122
0.38580905030136203,0.3246735074039085,0.25546791506808836
0.34071581452575395,0.26014618752336544,0.29515132069001526
0.3089511357727864,0.22874486876273212,0.28420096207777434
0.26261035123732696,0.20436426257295018,0.253875118897771
0.3031854640953554,0.22808849319678867,0.30596916263976576
0.3958913357146571,0.22520113346110343,0.2763274770984842
0.3503791404685439,0.3361175569314967,0.32256778424116356
0.33399067218833733,0.2839556883930208,0.31458833628324745
0.387710948076851,0.1825547649088251,0.30458250109173995
0.2966900334317456,0.2405800712773394,0.33207536305747437
0.37304343171982735,0.19770977806696408,0.32763199488608385
0.3723887374555418,0.2383148512116382,0.328617442193026
0.38433453647019294,0.23297468293569917,0.2864876475657724
0.36936482848201657,0.24656263981178111,0.3305666086308357
0.2580882294536985,0.31019404760210034,0.28354553231357327
0.30241170727453587,0.28221909752619373,0.25120565915900045
0.21487536094511003,0.2317839102661232,0.27662909842064404
0.3965140323172792,0.25358552912346666,0.296240155875539
0.3981490178040501,0.22350329537157387,0.3124200701586609
0.38219869601307743,0.29521351170899623,0.3254564539293058
0.3199461282036849,0.1804696674797346,0.2871135513601942
0.3489971573531787,0.2316228840091127,0.2824926070064181
0.3478790709010895,0.26596239196018073,0.2648003164021804
0.34642613250817816,0.2732758282188857,0.3557572150064274
0.23471022060420754,0.27395216753791135,0.3248961628338333
0.36725777368804374,0.20764534874865373,0.27611452678135223
0.2809839758185092,0.2812469910807378,0.2797098478213576
0.3490074258346717,0.2741703779565593,0.35803368746658265
0.33251206514560416,0.23811524376711726,0.2621293640770094
0.4134554724450284,0.23136936618529078,0.31136740496350734
0.30508401200823176,0.22824232910427428,0.2658871530421789
0.3900577258764112,0.16766332873847076,0.32379954052073884
0.3680116984401153,0.29257203628918854,0.26269041341809324
0.3678442302716607,0.15747587679535338,0.2767350848027745
0.3555167299499463,0.2266079095896138,0.29674072613635305
0.25290853606308966,0.2132878285679908,0.35386172192655485
0.4475525685014458,0.2616839634450306,0.2868294680982026
0.3765997486717483,0.21006125322619315,0.2926846382078613
0.32045189322095385,0.22903089305693003,0.2710417490198494
0.28350984701369497,0.16796628874517308,0.24895802076595175
0.3609321676612925,0.2698022371803148,0.21667954136997483
0.3628945251106547,0.25175132797321204,0.36856687468743043
0.27344252242034656,0.25408882019343115,0.3191242138313231
0.2522780698000538,0.19556389110634986,0.31028786043264545
0.30681370949505793,0.23220762504054804,0.2694835122529258
0.2956221203696793,0.27960523284585914,0.28405247743938805
0.3341036025830838,0.26962544681309536,0.24851570145690074
0.40190239520049736,0.23826906531646294,0.2622443575615122
0.28004422561452225,0.30221692405253775,0.2837605929325439
0.32274471988180214,0.2523040810131015,0.37802475735292157
0.3614653910120019,0.20872216468307353,0.24127396624451805
0.2857361653665464,0.20851382812372452,0.27331229427741555
0.32345367534039576,0.19111147180197233,0.2624249666181998
0.31019898620165154,0.2849407983030856,0.29036857047596026
0.30063267201845584,0.2514966787940766,0.31278076891803835
0.3050453350950792,0.19231346692551524,0.29045699202151426
0.339991300512841,0.26920196401409346,0.3608828973196778
0.28930275194236776,0.31764749473549014,0.3121147746409645
0.4016875700434092,0.2055483418917791,0.3774288810910639
0.3506956817553143,0.30720893580602504,0.23838945019612054
0.3298813107796364,0.28244338646435196,0.3552849728407612
0.2493479128209952,0.2367151455083509,0.33387583756035166
0.23426267677688326,0.18830814672310697,0.32486265226643274
0.3358067819604024,0.34870370843634124,0.35481580383922046
0.35322803362156757,0.27593485397784845,0.3693330266581059
0.3630189294475838,0.2549377831759808,0.24987781300526934
0.35919511951799954,0.23643656024611381,0.334474830722227
0.322687209517006,0.24898210956956407,0.2742170853034446
0.39597351003825426,0.22497863298939938,0.25966268114768287
0.31729910653174315,0.31995493600433955,0.30311463387882487
0.3583948109609343,0.13261915682105327,0.3087695436694679
0.36780603087130104,0.28405365455577497,0.2811957378283261
0.3352010072753338,0.19856134558044575,0.2750136128985645
0.3267210930106549,0.20863301463338343,0.3060645338920504
0.4360978736077882,0.3095343316909336,0.307325157665111
0.3159470366256565,0.2285726846496713,0.19729160571555995
0.3453556655773854,0.2871265845468921,0.3022945652097534
0.4020661585327667,0.21100075038925964,0.3381191246278823
0.3621404445500202,0.229344753206214,0.3111809346104581
0.3948468141869973,0.2508073824135233,0.30589031190201926
0.28991665702726166,0.19217047555942607,0.2618322242924763
0.32274161621199504,0.23273845082426578,0.34789496713101015
0.3663128718715432,0.2225869788122845,0.2605264250440366
0.36084751484387123,0.2624562982244265,0.29192702997122644
0.35732077896863945,0.2426389664108877,0.30868382114432513
0.3734661817671698,0.18010129426647645,0.30998948324998193
0.3463681140383442,0.27757331137981556,0.2951208098077996
0.2644990613122271,0.22187631674458363,0.2994090192645106
0.3805944589696935,0.25416628981254913,0.3110850504262882
0.3438939105406042,0.30789583713656543,0.24435296915847687
0.40758932635033635,0.2831382582919424,0.2614182922319675
0.3408301515515506,0.21847589921113836,0.29048639530605763
0.4117142222064914,0.22656786378602364,0.2887200176700396
0.38086418140259354,0.21371486974390022,0.2569266933155
0.31304959471565197,0.26471066096652723,0.2997146259597464
0.3517330987522944,0.2455250271170149,0.31641254973378247
0.22671350221100361,0.25817638818011435,0.3249831969383308
0.31161356265285406,0.17289189158147353,0.2892888218516467
0.3021905948159234,0.1685472509375049,0.301052460409312
0.29262887560667017,0.21064374180102546,0.28012659881131236
0.37337853402653975,0.22530921908959928,0.33521672147832665
0.32552157900044465,0.20032810610053328,0.34825339252576304
0.36841435535598754,0.19295019252957704,0.2529857265319272
0.38755685743876234,0.20241945546413329,0.2859539332755859
0.3674082546657797,0.3129364086773868,0.24822115637837186
0.3319271337181158,0.2600343145170473,0.2940229643733189
0.3524073389399499,0.25660207553989284,0.2669867080680285
0.3370956385407206,0.2638139821196116,0.2458444104389951
0.3602087569180892,0.338374099401959,0.29619876854151844
0.30730575740274596,0.302738092241771,0.218320358913108
0.3853966469063522,0.2550263885122941,0.2561213550650447
0.3833381936806865,0.31671311567522037,0.2803513061276741
0.3570297246517194,0.16323056895378496,0.25080109958991487
0.3013745837935524,0.2779640646269395,0.2797878275281495
0.3725159706406175,0.2451798507363486,0.35301446399572783
0.3218945109150371,0.2558954708656424,0.3534068053622796
0.34758921799914944,0.23551073903074687,0.2605184360252644
0.31950458779881535,0.26355144085941407,0.2783087082564813
0.3292160396064525,0.1980015511562675,0.26305841235744787
0.2979225350827786,0.16661582512532272,0.3517021867408129
0.3876547364865696,0.21655719467156634,0.26220854217126427
0.3126418727854457,0.28805615809589696,0.2235921454750262
0.3761085586263567,0.2507120374289221,0.29613138617999485
0.40953857053524634,0.28774794757209876,0.30197009835198557
0.34202517112735664,0.19775992460439895,0.26140644577180067
0.3288251147668213,0.21998182635943556,0.3100998398784322
0.3748407805193529,0.28869937923454875,0.3234028321654263
0.40974596454877726,0.2756397132923718,0.29933015459416845
0.3679636751833768,0.26527722946714205,0.26391546929090276
0.35900612449713765,0.20484480327504861,0.3184441159536723
0.28209109998642806,0.20821433565005787,0.2834447186938875
0.3447872814823346,0.2583989706225422,0.3406408422413503
0.4033566018658922,0.15619829040346878,0.21837034093491184
0.3243538734863946,0.181580857472623,0.3254404194855077
0.4704520157631588,0.15706505053791728,0.23766529158905572
0.36132420973667734,0.27132034265361543,0.3012217772604173
0.35749194947399987,0.21456946835889346,0.2741800637039381
0.3210422248271071,0.22130820405878093,0.35855613481480814
0.3671557508958441,0.19677125217553856,0.3322154299232042
0.36699119273220515,0.2666824132228939,0.2785665836082062
0.30657928881732194,0.24975929592231735,0.2800680174954233
0.34345763538744467,0.24145500449380597,0.2771770384032614
0.3981462442121533,0.23655607656054461,0.2363432906999892
0.3655347579025012,0.17049751887489684,0.22726627438956637
0.39960475663692635,0.2176987017122785,0.22641187339903576
0.35093601699630633,0.2336591701635986,0.2731475457373474
0.4321708467638121,0.28368609798235483,0.2693905901614617
0.34683808293131035,0.2801051387553709,0.32615778510099425
0.3328302964546116,0.2096412680255345,0.30863353549627165
0.35172822562645983,0.25043411594124526,0.2331352002190406
0.3798710123969997,0.3087872514123558,0.24161903445424557
0.38233417812547876,0.2507120803930837,0.2515377449038747
0.3002883078166718,0.2157957418970803,0.34657756805218487
0.33471676001997375,0.23962146794796868,0.27448853357093933
0.386728114034585,0.2594830226535697,0.31083409484834484
0.2894624551730163,0.22462920992686428,0.30091956966576816
0.3233422163592358,0.1964426819237951,0.25874400796837743
0.37596384322488763,0.21961918909628494,0.2748961461150745
0.3466154986108389,0.2537045871251183,0.2516379008802528
0.44381964601932794,0.22070082242818348,0.3208425811829969
0.2796128828194226,0.19962603973167736,0.2755001786565487
0.35834250054591454,0.18938804526667052,0.36241377013493853
0.3493605976517745,0.26367305237904076,0.25854302542039487
0.31493446666376596,0.1839322212589885,0.28846378734924016
0.30474059225025,0.26434465414366565,0.3379725399760762
0.3256536244477139,0.20847577311253354,0.2763054124032882
0.2338630588315791,0.19177981236107994,0.2501659684781606
0.3429948435732864,0.22074796812020706,0.29880013175091663
0.4088880344390965,0.18407209250616874,0.25954045162959005
0.35372184416717023,0.23005988907566707,0.24667007193015747
0.3461391163593915,0.25143182134313263,0.2433826621468989
0.3575289189292005,0.22079368663860843,0.29189200940991683
0.35793107902594945,0.20916303292141186,0.25368361044160337
0.41066475380989187,0.20193626877086013,0.2848035948491262
0.43081194717195376,0.30148940691059206,0.2587283512446481
0.2885290154712126,0.24539877724996453,0.2559802081038972
0.34806380644979434,0.21027197980926868,0.2778989262549207
0.41195921846473327,0.24366298192500555,0.2949474429950904
0.4014788097889515,0.24645857263462306,0.2656773854499325
0.34777539129838414,0.194065847368481,0.31554185077768165
0.33735038976171133,0.18521602613050747,0.31828528417525825
0.31771719812415955,0.2372884499317076,0.30229682538451824
0.34699265538265917,0.1684660926583525,0.30511599407034584
0.2771436670405706,0.1734027340368362,0.3887282913622482
0.25945802015087904,0.2185914759330015,0.28816293061470455
0.3345731379598518,0.21585122845957658,0.3523044304864571
0.3196728547372123,0.3066656171739582,0.2510333360766161
0.40983496046158463,0.24635218179041332,0.31300883527402384
0.3897678752690127,0.2151545933227167,0.2081767691992572
0.34529141574476047,0.2329691706809318,0.25281127400401515
0.352566592542723,0.25187798235703707,0.335802011648745
0.2758191418378715,0.16134276837143563,0.23249148715200688
0.37205436413667564,0.2860910940262357,0.3116700981894238
0.34569552736439896,0.2949359853012905,0.27610062866843355
0.3192574941681933,0.2374723030218721,0.32461947305831856
0.3598338148501747,0.1964813284114329,0.23703262227799476
0.3372953490689308,0.26210428495956084,0.24355855598594497
0.3318900712845197,0.3082498335021992,0.31792948523604225
0.40119676387659164,0.24795463057386743,0.34056941724178413
0.3598926886338333,0.27841903345412516,0.3205526893803282
0.2956774597680848,0.23318402646068323,0.2726382506523826
0.36959403131905316,0.2249453009931354,0.29026994998745104
0.3090414245189067,0.21240911998235174,0.2619601941014171
0.4453420305797307,0.27917158900297595,0.2957230105730946
0.31327209395117017,0.32973374277368567,0.2969658276688796
0.37132659789864664,0.22216317766706087,0.26587673255628363
0.34578264504796435,0.20474543131464337,0.3381503439010295
0.3520130913313037,0.25992499414563897,0.30903983173912264
0.30768311882965627,0.27927522173351926,0.3248393716585893
0.28258626563888956,0.24468242892345932,0.34830923394183994
0.29181165069673476,0.24328950842573827,0.3640465401542416
0.3405117344951398,0.27803014129319775,0.30130615631956553
0.3135706055784124,0.22530007963752852,0.26797583016879883
0.2599799864636164,0.24092028364343643,0.3393068566296724
0.3407555424723119,0.20587805542756074,0.35544552230827153
0.2763385233078916,0.2102506165016169,0.26586622769161583
0.32016048999900665,0.20412752210884177,0.29979331059308345
0.3626859076054823,0.2795132894486557,0.2677583554127477
0.33578230074992893,0.24311762942604945,0.27874008045407356
0.30653499823648034,0.27656080422675505,0.3236381206051827
0.29521933423104835,0.25856541843306596,0.349637058432915
0.3229169797305912,0.21904089324006817,0.19317155783269713
0.2719148607270641,0.33757577452581244,0.3506030381424468
0.31875096699276684,0.2541154968470181,0.32066130833646567
0.30471903851823817,0.2680513462569456,0.31576658035360045
0.30394785988649603,0.24253381269985055,0.300244970115864
0.3738653408261671,0.22848587955809951,0.2612771694900465
0.4146475163767869,0.30792602376153594,0.2946258463610803
0.3720764894928533,0.22602020685662566,0.31039056537851273
0.44289319578735237,0.2736155477623223,0.3403028233869192
0.35486683140319303,0.21101469002040413,0.33173652874881904
0.30693646064447133,0.2531332318664306,0.2543428301891808
0.27846407852584837,0.14246245058963622,0.2634678435186098
0.37289279699673017,0.23402112160721186,0.35455186158354224
0.35032089304473313,0.29843150059006973,0.34114282902002524
0.40145401074401404,0.2301794839738685,0.2594686006798872
0.37764745752753254,0.29986959331178215,0.2569242688449398
0.3821699935949142,0.28698123421211663,0.3063912523821693
0.3339758075182031,0.26806297139120366,0.33151395602657285
0.39839220002998255,0.23629828211952544,0.24388055519559212
0.3466754090780063,0.24255220721488227,0.3441660100916058
0.3717160203534525,0.20488359604430728,0.3038542609948739
0.3628797783696551,0.25514743404614176,0.26501527283909676
0.29683656643999246,0.2654225092904113,0.3462254854049319
0.4058758726241427,0.2053639986033563,0.24915974483783718
0.28989706597475323,0.30227725953768725,0.30236714289526684
0.34135233969304046,0.23496434212939044,0.27095018785804925
0.2774730808926877,0.23685989082946607,0.3416795949284243
0.35110565110076464,0.21532453722352976,0.24745404040843585
0.3222616348236594,0.22784396623074374,0.199938220082743
0.3929613538233256,0.2918403164383046,0.2807902860224176
0.25265080337928897,0.2737384073954036,0.3093652693662051
0.27673390821300514,0.26042986795242384,0.3572424076224573
0.2948559574495585,0.2443644087170126,0.3002168474239881
0.3790214705827242,0.23530361336078756,0.24957583956925633
0.38599154056045937,0.2591419616901962,0.25901654844036226
0.3663285485033626,0.2596203255804529,0.30013607678601895
0.31964061383257175,0.2824677432927248,0.3427429402629039
0.3319580005434188,0.21180970600395022,0.3329076787256251
0.39281276613425,0.23921081647604608,0.2504683236317293
0.3256587997933885,0.3163669429262527,0.2741175161472448
0.3685427717351553,0.2338223333153546,0.3291878401093752
0.3586222033476297,0.2401215804907896,0.28995640770522757
0.3412801691223481,0.21141224778337864,0.3378867175447262
0.34514188778855304,0.22386866881734538,0.2764262289624712
0.35726585631117275,0.278670387369368,0.3217519678821721
0.3235695277930198,0.2740310482178699,0.30982627207465485
0.3871332332013563,0.2586541732070865,0.2855101601849122
0.3447276200501374,0.303598893579388,0.25741351927716133
0.2583182420649985,0.24145111682712864,0.30591727488321657
0.2670073109330432,0.20578009016489973,0.3987449152402477
0.28526790247265277,0.23994781708839832,0.3383610345085073
0.4155504151811807,0.23707211852713,0.2471949031428704
0.27780069303402843,0.2806344267401332,0.25345729259917976
0.3457838068346048,0.3261287234046562,0.216414936420542
0.31226920257076496,0.24180464075671917,0.3447578992110365
0.4292064333310861,0.25183925513611255,0.31081997190428384
0.2889644195831123,0.261898097062384,0.28973567340740963
0.3880171210199011,0.28025599062637246,0.3183151284544656
0.42987974621053665,0.24180812595054,0.39912700604447565
0.2975279703216467,0.19606727657909978,0.2521032160144266
0.3774063329796637,0.28857810279313423,0.35477669458290145
0.358903953179271,0.2084802642603111,0.31648858242288325
0.44081739592264274,0.2611203316918714,0.34122412819647635
0.32099895323067745,0.28963973037080026,0.2907495654715361
0.29194605325050965,0.20323464515787218,0.33166340983442666
0.37059274512847584,0.25217021902892006,0.3003969772186562
0.2469974617035674,0.16561653936710735,0.25550355369501915
0.3661661067477912,0.204891340307385,0.28099997726518783
0.313928347759612,0.2897530168896345,0.27806289037613063
0.27058486083163485,0.29247180262600464,0.30757935099043104
0.2934249644026485,0.2553697974509807,0.33123565292206975
0.33926301433805517,0.266334806118868,0.2589351576317686
0.2898207600092591,0.24453040200848994,0.2946857481272593
0.29435284944945495,0.24987304088597295,0.26643011430118607
0.3517638897740372,0.21184573139010782,0.23682727377939874
0.36998136647177876,0.19798324559979547,0.3619752318781344
0.34277158485221654,0.2944413671607543,0.3180626606803643
0.4035544509862375,0.24100288244157755,0.31340516723304324
0.26173354033830815,0.219433398714394,0.29978966446468264
0.36949872038615916,0.2434034747281601,0.26878270146312955
0.36494334851538784,0.21103252487494573,0.3326339491429103
0.33990756578264464,0.227162820765922,0.2799479600207418
0.33640640839152913,0.19142354141535253,0.33247453373883523
0.26515903703975513,0.25676416463675716,0.2922219449844856
0.3483829244072027,0.1827333645636605,0.3018769554804814
0.3742633358401669,0.19861491196221895,0.3063172497169075
0.3430599183021911,0.25242727060361014,0.29624147704416215
0.4002807759351983,0.33366205548389466,0.31356994291648316
0.3100220538849173,0.168993853884926,0.27011694906811073
0.43471950132282033,0.32182380227547047,0.3221280920543051
0.4393576737147011,0.22735471357946707,0.26908421376507585
0.38223979901739114,0.24423584603436943,0.2821073149607466
0.32389661222424726,0.1815917538155301,0.3395326108551442
0.42457956822325593,0.2763470978484223,0.30933248493403637
0.3637597413649122,0.27176166388456174,0.24224747387601409
0.31637498797881547,0.23154160963790119,0.3263687635182818
0.3170994301791981,0.3062808463529037,0.324332570389719
0.3729342432788403,0.3130601248760178,0.2606218574133257
0.28570306693845454,0.2445233074989966,0.32534400482224723
0.34043600055709083,0.3048439549097818,0.2760488873115383
0.2942500731002394,0.2643547282326376,0.3017674885697387
0.3904239022939076,0.2031446698464809,0.359419523830161
0.3398451673932405,0.2326649632885442,0.32352688774694927
0.3176422702230991,0.3102766867957348,0.30866516777619213
0.3784379049196377,0.19776131802617808,0.3321736862221581
0.3973380275265049,0.24381570983245332,0.30576024516879174
0.311563101017121,0.26727908125994393,0.2731472976880247
0.352453823077101,0.21387495029551817,0.29176168027468274
0.28370618603035275,0.24425960932189666,0.31845790867446144
0.2948540225348883,0.2090468677556979,0.25937524252265426
0.34862524316145854,0.22661686103340498,0.2737250466618819
0.31768593803830364,0.2772566845269652,0.2600978280837105
0.3396592673858933,0.3062767327776811,0.29981380192413476
0.3834926888529553,0.30872369015125867,0.26013524135622307
0.2810376835499972,0.243116785954753,0.21724310549831002
0.40775673364780973,0.273029230296619,0.34009982425764823
0.42940181761399826,0.2716251426862403,0.28183385551875784
0.3351997659100205,0.2202424029096285,0.3344880234500579
0.29398973623481117,0.2521325534927548,0.3246163758655128
0.40375344422595716,0.16142209759850334,0.3465561147304837
0.44030883723399494,0.26345201870892254,0.2994111994930668
0.42104870518450593,0.22000342068779297,0.25073830499472516
0.3733971295153208,0.16700573872426186,0.26830426042802075
0.3554029630081931,0.25207101006668375,0.3080612156437709
0.3762155070051317,0.2042803741981227,0.20755627354316578
0.3098186091886796,0.18009600408878182,0.25977979599841083
0.3445691835448348,0.24081725679479704,0.2560048107013611
0.3714557650510405,0.24288826573268135,0.3128447860642037
0.3168909490787475,0.24258503784891924,0.3098716447669691
0.32146558760905597,0.16595326682486244,0.34094808830782025
0.4146166775873447,0.2708945862459758,0.28224103149562274
0.313889472037029,0.20603511372973654,0.2696695604343344
0.34605907450373996,0.2266109955470594,0.31690170607162
0.24037033940153124,0.1970343007367673,0.3116584992271855
0.3302746705297023,0.19973536076951168,0.3340096238132241
0.44475199228825396,0.19858718633451786,0.24819075227805903
0.3374434432860838,0.2362063401504828,0.23696095683353036
0.3532569380178631,0.2956927763865903,0.2474529199952853
0.30792071668517146,0.28190715569790414,0.2783566385350803
0.37209214615967334,0.24116706238896687,0.27587385068500786
0.28862865433328644,0.2146876866436741,0.320182341821803
0.32989496934214513,0.23861919362796977,0.36704645850067724
0.3804371109071815,0.21768008482984202,0.31681465838560613
0.3178770242321582,0.14072756040450976,0.31115512627985575
0.35195000420185396,0.2761669028712021,0.28190909920707685
0.34420980884614577,0.18218897755693086,0.2487771892995788
0.3209805694989281,0.2019958742741614,0.3615907566619688
0.37534932623398987,0.3107745051209777,0.27757919562302114
0.3931868446818664,0.3161668930587374,0.31755624376327035
0.44280381632798277,0.1829555878977135,0.3217374512414312
0.38292505517645226,0.1745365902188165,0.27170642390113864
0.3492048689419414,0.23615589632391118,0.230843059359342
0.2980354320928143,0.2917477602407525,0.3101607291418386
0.30333334347280494,0.2119894387517672,0.35631672607686515
0.37304843780637686,0.24978512228052954,0.3899971654579662
0.3599748190613614,0.23745908509226166,0.26966706640758425
0.34609781918585414,0.28248712067634146,0.2712687769194559
0.42940983613417033,0.22288337136277903,0.3282751756350881
0.3706317606165884,0.24354782819602802,0.2916489567398917
0.3218539074391662,0.2773898870071037,0.2992134818028333
0.31801410685333736,0.2824600341120993,0.37172232242655834
0.325584218822321,0.2926955911820397,0.2957516776063483
0.40827738293695304,0.17917745935577256,0.3994861675583229
0.3368324447523302,0.23398792442202568,0.32347083598345944
0.37376747139782146,0.17219806677893307,0.2793225485759329
0.3373875165544083,0.30234555663082485,0.2781548326832243
0.3173524914825912,0.21594133654568834,0.30249377836472663
0.37570860504927145,0.20474401348628166,0.2492472640768031
0.43606984286401285,0.18659360391609972,0.3396658773478052
0.32730093259532056,0.22987618740801663,0.2957067007836356
0.4055492350188211,0.23738904029609606,0.22516203443958557
0.3157593471430758,0.27860963681655465,0.212546189336046
0.40804827466590926,0.19092406287820302,0.28362075635602757
0.36211689668935315,0.28828270113126175,0.3444815821749425
0.39206323098228857,0.18434486775267558,0.2931969010607126
0.33736321151573867,0.24187869006951218,0.34374082349246254
0.30551483063327994,0.23971474714957394,0.26561060023753114
0.3676324558085111,0.2830133187229185,0.30076320859953054
0.38743931271446047,0.22560151944936016,0.3174478584091021
0.3475576688705212,0.2391600249429986,0.25334442364108634
0.2876737985565902,0.24808814783916852,0.32414286047228263
0.34981496507637205,0.19084878676357428,0.34616552816220303
0.3238619700578991,0.19165910962599614,0.32716022191445754
0.4117966407653102,0.28303264383109666,0.3122624081963555
0.34728488444632394,0.2546166180372372,0.2971643521051682
0.3307031089449199,0.27400471342797666,0.2783620301643473
0.36781614679097596,0.1441977678178108,0.30320821536922005
0.2849636427246607,0.16363627162399297,0.25689394875817395
0.2811728962193524,0.2454694868969288,0.3022334570917159
0.226516072672516,0.2688929158737218,0.28616443519592016
0.422157433657805,0.21538739420038713,0.2716579089060365
0.36070638414278183,0.21533509163387118,0.333860143069852
0.34725859640379153,0.22754007416803645,0.32197810556002
0.3453055794615713,0.268932032017895,0.3385517900896912
0.2796621474243828,0.17698988847294422,0.3728828293942515
0.2940320284329525,0.3132489501056873,0.3199146443829397
0.3884152384204393,0.22280494202410786,0.25985281819589034
0.3644698302807489,0.24868911524009396,0.3528315671217988
0.3325220466097349,0.22748684273625983,0.32438750560287916
0.3070197992587957,0.24327441128662844,0.30574935700347766
0.37799374735318975,0.24836371596255732,0.2992965252209609
0.3599920932784876,0.22875184808941904,0.31057753402020905
0.34393416157226386,0.23251290418846468,0.28684197770746295
0.28498899608642847,0.2543895819802188,0.25298367161969515
0.3644236835163259,0.2634363556262267,0.32584618120145664
0.2798500219506403,0.2460180677338889,0.3128860503356311
0.2494998003146029,0.271324995299343,0.3193604159367436
0.31190047015238137,0.26554422295685903,0.2817406725552742
0.3090297554484579,0.20516646748578052,0.3568408667045301
0.359355693137455,0.2695760464040187,0.33024772441828065
0.292858320991626,0.27708071122182676,0.31409687040673956
0.3767912318786853,0.2344897902732385,0.37675143976404235
0.3558777636222735,0.2432177962578561,0.26553276373281776
0.36270802599829144,0.25706032818074687,0.24625599250298158
0.2779101705927945,0.23264874869801794,0.28118464747556604
0.34602597505206184,0.22734303611810722,0.32271226366482103
0.35412604524885405,0.18683028295524717,0.2700859713315499
0.32783486663616246,0.19694435804242313,0.24105880914264566
0.3314368729678726,0.268982092059878,0.3389283220476243
0.2738326981801028,0.30116138079622917,0.1969205423843206
0.2625227652001392,0.22343148841501367,0.3069385513602616
0.45319473443983255,0.18899424175970275,0.3580413082935899
0.3314033233772248,0.24199118987397214,0.32569710711156896
0.3435532332090671,0.21342334496686674,0.31095491954152443
0.4048582509007375,0.21275236872611183,0.26014746864827104
0.39134349726427214,0.2578592578333371,0.3341716659617187
0.37031406681617596,0.2540572841533418,0.29736220654394013
0.4415503859834854,0.20417959990265955,0.3123188115306731
0.3360226753643458,0.28454674762234466,0.29275765458750164
0.40792435807590016,0.28520887606239603,0.33931462253389644
0.3228165121605464,0.22284436787333362,0.2919827690626149
0.30027390978285,0.2632029508287012,0.18071927184649028
0.31527264400067057,0.2773595730035801,0.35610553373183945
0.3555185895438504,0.2244909833962236,0.29582852795338777
0.3351828358484178,0.24262990903625498,0.31113685771172006
0.3944402325884935,0.27010245132980015,0.32422304497141824
0.36502679610782013,0.25727095610037837,0.2828301040074181
0.39480171924108326,0.2621285732234227,0.3655980341928559
0.3915356281556884,0.24512661828948176,0.3157467227909841
0.39910785895264883,0.2720346658402493,0.26089738999192164
0.3964500692323352,0.2603767492600819,0.25967115934342894
0.41009220452026124,0.24077458090941609,0.278935246601788
0.2946333331516851,0.24176600958160066,0.2757043261963555
0.416072641448989,0.29996557053204603,0.2874268970644113
0.32815544817797704,0.2469687080795536,0.355426281119205
0.42350881827276315,0.19648630720927723,0.2740972803952209
0.34545068352633945,0.2671277439194896,0.29149085945193853
0.42572710438192685,0.2435727066862422,0.3342468766538268
0.45956977424564366,0.2383784088303168,0.2995379543460392
0.372393822236547,0.20989342111793113,0.3527167252661774
